Data,Skambuciai
01/04/2020,3762
02/04/2020,3507
03/04/2020,3566
04/04/2020,1016
05/04/2020,649
06/04/2020,4654
07/04/2020,3837
08/04/2020,3571
09/04/2020,3746
10/04/2020,3650
11/04/2020,717
12/04/2020,113
13/04/2020,548
14/04/2020,5367
15/04/2020,5511
16/04/2020,5023
17/04/2020,3963
18/04/2020,876
19/04/2020,514
20/04/2020,4966
21/04/2020,3804
22/04/2020,4237
23/04/2020,4117
24/04/2020,3583
25/04/2020,1014
26/04/2020,458
27/04/2020,4778
28/04/2020,4144
29/04/2020,4309
30/04/2020,4216
01/05/2020,842
02/05/2020,859
03/05/2020,484
04/05/2020,5773
05/05/2020,4026
06/05/2020,4598
07/05/2020,4590
08/05/2020,4466
09/05/2020,1262
10/05/2020,527
11/05/2020,5975
12/05/2020,5139
13/05/2020,4618
14/05/2020,4009
15/05/2020,4012
16/05/2020,1187
17/05/2020,653
18/05/2020,5913
19/05/2020,4607
20/05/2020,4728
21/05/2020,4716
22/05/2020,4410
23/05/2020,1259
24/05/2020,773
25/05/2020,7107
26/05/2020,5994
27/05/2020,5325
28/05/2020,4818
29/05/2020,5049
30/05/2020,1208
31/05/2020,764
01/06/2020,6203
02/06/2020,4636
03/06/2020,4157
04/06/2020,3773
05/06/2020,3460
06/06/2020,841
07/06/2020,711
08/06/2020,4783
09/06/2020,3656
10/06/2020,4026
11/06/2020,3698
12/06/2020,2858
13/06/2020,825
14/06/2020,468
15/06/2020,4215
16/06/2020,3582
17/06/2020,3480
18/06/2020,3352
19/06/2020,3205
20/06/2020,894
21/06/2020,533
22/06/2020,7398
23/06/2020,3844
24/06/2020,730
25/06/2020,4800
26/06/2020,3543
27/06/2020,745
28/06/2020,337
29/06/2020,5906
30/06/2020,5542
01/07/2020,4914
02/07/2020,4098
03/07/2020,3494
04/07/2020,883
05/07/2020,374
06/07/2020,916
07/07/2020,5772
08/07/2020,4498
09/07/2020,4227
10/07/2020,4235
11/07/2020,1152
12/07/2020,576
13/07/2020,5365
14/07/2020,4128
15/07/2020,3854
16/07/2020,3723
17/07/2020,3127
18/07/2020,735
19/07/2020,487
20/07/2020,5236
21/07/2020,5042
22/07/2020,4200
23/07/2020,3813
24/07/2020,3973
25/07/2020,860
26/07/2020,498
27/07/2020,5677
28/07/2020,4326
29/07/2020,4586
30/07/2020,4091
31/07/2020,4133
01/08/2020,828
02/08/2020,529
03/08/2020,5995
04/08/2020,4464
05/08/2020,4164
06/08/2020,3316
07/08/2020,3020
08/08/2020,824
09/08/2020,385
10/08/2020,5205
11/08/2020,4039
12/08/2020,3792
13/08/2020,3335
14/08/2020,3498
15/08/2020,725
16/08/2020,583
17/08/2020,4787
18/08/2020,3964
19/08/2020,3865
20/08/2020,3943
21/08/2020,3519
22/08/2020,776
23/08/2020,416
24/08/2020,4927
25/08/2020,3749
26/08/2020,3656
27/08/2020,3566
28/08/2020,3084
29/08/2020,818
30/08/2020,388
31/08/2020,6581
01/09/2020,3535
02/09/2020,3516
03/09/2020,3362
04/09/2020,3052
05/09/2020,809
06/09/2020,421
07/09/2020,4495
08/09/2020,4454
09/09/2020,3827
10/09/2020,4539
11/09/2020,3892
12/09/2020,1124
13/09/2020,518
14/09/2020,4359
15/09/2020,4127
16/09/2020,3325
17/09/2020,3171
18/09/2020,3204
19/09/2020,910
20/09/2020,520
21/09/2020,4242
22/09/2020,3596
23/09/2020,3144
24/09/2020,3075
25/09/2020,2933
26/09/2020,778
27/09/2020,522
28/09/2020,4097
29/09/2020,3761
30/09/2020,3611
01/10/2020,3238
02/10/2020,3081
03/10/2020,919
04/10/2020,446
05/10/2020,4194
06/10/2020,3763
07/10/2020,3159
08/10/2020,3503
09/10/2020,3315
10/10/2020,1165
11/10/2020,670
12/10/2020,4252
13/10/2020,3308
14/10/2020,3704
15/10/2020,3301
16/10/2020,3033
17/10/2020,879
18/10/2020,553
19/10/2020,4385
20/10/2020,4188
21/10/2020,3829
22/10/2020,3577
23/10/2020,3584
24/10/2020,1038
25/10/2020,719
26/10/2020,4222
27/10/2020,3749
28/10/2020,3236
29/10/2020,3079
30/10/2020,3418
31/10/2020,932
01/11/2020,488
02/11/2020,1202
03/11/2020,5967
04/11/2020,4626
05/11/2020,4266
06/11/2020,4153
07/11/2020,1183
08/11/2020,704
09/11/2020,5077
10/11/2020,4867
11/11/2020,4395
12/11/2020,3750
13/11/2020,3740
14/11/2020,1117
15/11/2020,630
16/11/2020,5300
17/11/2020,4578
18/11/2020,4324
19/11/2020,4540
20/11/2020,4616
21/11/2020,1226
22/11/2020,527
23/11/2020,5053
24/11/2020,5002
25/11/2020,5126
26/11/2020,4310
27/11/2020,4465
28/11/2020,1343
29/11/2020,567
30/11/2020,4545
01/12/2020,3775
02/12/2020,3204
03/12/2020,3048
04/12/2020,3094
05/12/2020,793
06/12/2020,422
07/12/2020,3804
08/12/2020,3236
09/12/2020,3076
10/12/2020,3470
11/12/2020,3669
12/12/2020,998
13/12/2020,527
14/12/2020,4848
15/12/2020,3481
16/12/2020,3425
17/12/2020,3319
18/12/2020,3443
19/12/2020,981
20/12/2020,479
21/12/2020,4234
22/12/2020,3049
23/12/2020,2364
24/12/2020,597
25/12/2020,120
26/12/2020,321
27/12/2020,378
28/12/2020,4199
29/12/2020,3120
30/12/2020,2960
31/12/2020,2044
01/01/2021,165
02/01/2021,437
03/01/2021,339
04/01/2021,4198
05/01/2021,3282
06/01/2021,2923
07/01/2021,2733
08/01/2021,2763
09/01/2021,642
10/01/2021,339
11/01/2021,3555
12/01/2021,2954
13/01/2021,2455
14/01/2021,2398
15/01/2021,2356
16/01/2021,582
17/01/2021,296
18/01/2021,3046
19/01/2021,2599
20/01/2021,3028
21/01/2021,2746
22/01/2021,2688
23/01/2021,616
24/01/2021,429
25/01/2021,3473
26/01/2021,2795
27/01/2021,2410
28/01/2021,2514
29/01/2021,2066
30/01/2021,672
31/01/2021,425
01/02/2021,3565
02/02/2021,2748
03/02/2021,2774
04/02/2021,2752
05/02/2021,2403
06/02/2021,685
07/02/2021,361
08/02/2021,3103
09/02/2021,2751
10/02/2021,2903
11/02/2021,2680
12/02/2021,2522
13/02/2021,580
14/02/2021,384
15/02/2021,3108
16/02/2021,953
17/02/2021,3320
18/02/2021,2799
19/02/2021,2506
20/02/2021,804
21/02/2021,293
22/02/2021,3710
23/02/2021,2729
24/02/2021,2713
25/02/2021,2623
26/02/2021,2437
27/02/2021,687
28/02/2021,481
01/03/2021,3371
02/03/2021,2886
03/03/2021,2713
04/03/2021,2658
05/03/2021,2536
06/03/2021,712
07/03/2021,429
08/03/2021,3072
09/03/2021,3096
10/03/2021,3028
11/03/2021,946
12/03/2021,3441
13/03/2021,736
14/03/2021,333
15/03/2021,3685
16/03/2021,2827
17/03/2021,2870
18/03/2021,2735
19/03/2021,2663
20/03/2021,649
21/03/2021,493
22/03/2021,3326
23/03/2021,2819
24/03/2021,2700
25/03/2021,2542
26/03/2021,2437
27/03/2021,557
28/03/2021,378
29/03/2021,3295
30/03/2021,2792
31/03/2021,2844
01/04/2021,2463
02/04/2021,2546
03/04/2021,475
04/04/2021,68
05/04/2021,403
06/04/2021,3821
07/04/2021,3132
08/04/2021,2922
09/04/2021,3424
10/04/2021,832
11/04/2021,297
12/04/2021,4101
13/04/2021,3054
14/04/2021,2860
15/04/2021,2908
16/04/2021,2833
17/04/2021,616
18/04/2021,317
19/04/2021,3480
20/04/2021,3073
21/04/2021,2750
22/04/2021,2848
23/04/2021,2530
24/04/2021,600
25/04/2021,314
26/04/2021,3134
27/04/2021,2806
28/04/2021,2937
29/04/2021,2769
30/04/2021,2673
01/05/2021,692
02/05/2021,406
03/05/2021,3278
04/05/2021,2658
05/05/2021,2618
06/05/2021,2584
07/05/2021,2465
08/05/2021,704
09/05/2021,269
10/05/2021,3417
11/05/2021,2683
12/05/2021,2499
13/05/2021,2374
14/05/2021,2742
15/05/2021,635
16/05/2021,383
17/05/2021,3399
18/05/2021,2929
19/05/2021,2851
20/05/2021,2716
21/05/2021,2730
22/05/2021,516
23/05/2021,384
24/05/2021,2883
25/05/2021,2682
26/05/2021,2776
27/05/2021,2649
28/05/2021,2337
29/05/2021,439
30/05/2021,308
31/05/2021,3237
01/06/2021,2891
02/06/2021,2405
03/06/2021,2253
04/06/2021,1996
05/06/2021,514
06/06/2021,276
07/06/2021,2869
08/06/2021,2688
09/06/2021,2784
10/06/2021,3165
11/06/2021,2683
12/06/2021,851
13/06/2021,568
14/06/2021,3844
15/06/2021,3395
16/06/2021,4122
17/06/2021,3326
18/06/2021,3255
19/06/2021,654
20/06/2021,317
21/06/2021,4056
22/06/2021,3765
23/06/2021,2874
24/06/2021,773
25/06/2021,3506
26/06/2021,654
27/06/2021,467
28/06/2021,4914
29/06/2021,3784
30/06/2021,3344
01/07/2021,3094
02/07/2021,2792
03/07/2021,485
04/07/2021,257
05/07/2021,3763
06/07/2021,525
07/07/2021,3989
08/07/2021,2905
09/07/2021,3193
10/07/2021,472
11/07/2021,299
12/07/2021,4726
13/07/2021,3294
14/07/2021,3167
15/07/2021,2592
16/07/2021,2490
17/07/2021,352
18/07/2021,184
19/07/2021,3979
20/07/2021,3196
21/07/2021,3063
22/07/2021,3189
23/07/2021,2716
24/07/2021,513
25/07/2021,188
26/07/2021,3943
27/07/2021,3067
28/07/2021,3346
29/07/2021,3037
30/07/2021,2985
31/07/2021,490
01/08/2021,211
02/08/2021,3712
03/08/2021,2716
04/08/2021,2867
05/08/2021,2732
06/08/2021,2429
07/08/2021,321
08/08/2021,159
09/08/2021,4053
10/08/2021,2970
11/08/2021,3172
12/08/2021,2894
13/08/2021,2576
14/08/2021,324
15/08/2021,186
16/08/2021,3860
17/08/2021,3090
18/08/2021,2682
19/08/2021,2721
20/08/2021,2653
21/08/2021,377
22/08/2021,137
23/08/2021,4137
24/08/2021,2881
25/08/2021,3238
26/08/2021,2875
27/08/2021,2675
28/08/2021,439
29/08/2021,193
30/08/2021,3991
31/08/2021,2988
01/09/2021,3168
02/09/2021,2778
03/09/2021,2520
04/09/2021,374
05/09/2021,293
06/09/2021,3596
07/09/2021,2717
08/09/2021,2988
09/09/2021,2918
10/09/2021,2992
11/09/2021,386
12/09/2021,310
13/09/2021,3677
14/09/2021,2894
15/09/2021,2642
16/09/2021,2411
17/09/2021,2880
18/09/2021,463
19/09/2021,265
20/09/2021,3427
21/09/2021,2951
22/09/2021,2497
23/09/2021,2249
24/09/2021,2256
25/09/2021,290
26/09/2021,240
27/09/2021,2945
28/09/2021,2661
29/09/2021,2734
30/09/2021,2537
01/10/2021,2381
02/10/2021,360
03/10/2021,139
04/10/2021,3041
05/10/2021,2644
06/10/2021,2498
07/10/2021,2731
08/10/2021,2865
09/10/2021,548
10/10/2021,331
11/10/2021,4157
12/10/2021,2888
13/10/2021,2382
14/10/2021,2317
15/10/2021,2283
16/10/2021,329
17/10/2021,270
18/10/2021,3344
19/10/2021,2568
20/10/2021,2610
21/10/2021,3125
22/10/2021,2732
23/10/2021,372
24/10/2021,193
25/10/2021,3107
26/10/2021,3867
27/10/2021,3242
28/10/2021,2751
29/10/2021,2226
30/10/2021,367
31/10/2021,122
01/11/2021,595
02/11/2021,446
03/11/2021,5235
04/11/2021,4120
05/11/2021,3570
06/11/2021,419
07/11/2021,89
08/11/2021,4010
09/11/2021,3152
10/11/2021,3524
11/11/2021,2847
12/11/2021,2510
13/11/2021,385
14/11/2021,183
15/11/2021,3227
16/11/2021,2615
17/11/2021,2255
18/11/2021,3280
19/11/2021,2538
20/11/2021,418
21/11/2021,250
22/11/2021,3164
23/11/2021,2546
24/11/2021,2336
25/11/2021,2445
26/11/2021,2722
27/11/2021,426
28/11/2021,206
29/11/2021,3543
30/11/2021,2792
01/12/2021,2624
02/12/2021,2524
03/12/2021,2411
04/12/2021,466
05/12/2021,263
06/12/2021,3028
07/12/2021,2351
08/12/2021,2288
09/12/2021,2132
10/12/2021,2349
11/12/2021,487
12/12/2021,445
13/12/2021,3266
14/12/2021,2286
15/12/2021,2182
16/12/2021,1980
17/12/2021,1823
18/12/2021,337
19/12/2021,113
20/12/2021,2920
21/12/2021,2288
22/12/2021,2011
23/12/2021,1726
24/12/2021,229
25/12/2021,60
26/12/2021,103
27/12/2021,2510
28/12/2021,2318
29/12/2021,2045
30/12/2021,2025
31/12/2021,1367
01/01/2022,173
02/01/2022,148
03/01/2022,2435
04/01/2022,2477
05/01/2022,1964
06/01/2022,1810
07/01/2022,1660
08/01/2022,194
09/01/2022,257
10/01/2022,2931
11/01/2022,2471
12/01/2022,2540
13/01/2022,2051
14/01/2022,1982
15/01/2022,199
16/01/2022,252
17/01/2022,2784
18/01/2022,2463
19/01/2022,2306
20/01/2022,2212
21/01/2022,1980
22/01/2022,166
23/01/2022,227
24/01/2022,2540
25/01/2022,2238
26/01/2022,2523
27/01/2022,2058
28/01/2022,1866
29/01/2022,348
30/01/2022,189
31/01/2022,2704
01/02/2022,2474
02/02/2022,2217
03/02/2022,2060
04/02/2022,2141
05/02/2022,222
06/02/2022,47
07/02/2022,2573
08/02/2022,2353
09/02/2022,2188
10/02/2022,2278
11/02/2022,2167
12/02/2022,383
13/02/2022,242
14/02/2022,2636
15/02/2022,2044
16/02/2022,380
17/02/2022,2536
18/02/2022,1957
19/02/2022,296
20/02/2022,112
21/02/2022,3350
22/02/2022,2568
23/02/2022,2443
24/02/2022,2878
25/02/2022,3266
26/02/2022,342
27/02/2022,143
28/02/2022,3244
01/03/2022,2597
02/03/2022,2322
03/03/2022,2239
04/03/2022,2397
05/03/2022,211
06/03/2022,140
07/03/2022,2786
08/03/2022,2185
09/03/2022,2242
10/03/2022,2576
11/03/2022,377
12/03/2022,266
13/03/2022,188
14/03/2022,3115
15/03/2022,2628
16/03/2022,2223
17/03/2022,2139
18/03/2022,2105
19/03/2022,220
20/03/2022,84
21/03/2022,2930
22/03/2022,2486
23/03/2022,2387
24/03/2022,2234
25/03/2022,2031
26/03/2022,215
27/03/2022,173
28/03/2022,2982
29/03/2022,2459
30/03/2022,2348
31/03/2022,2483
01/04/2022,2238
02/04/2022,348
03/04/2022,108
04/04/2022,2942
05/04/2022,2214
06/04/2022,2363
07/04/2022,2345
08/04/2022,2333
09/04/2022,378
10/04/2022,260
11/04/2022,3349
12/04/2022,2722
13/04/2022,2526
14/04/2022,2291
15/04/2022,2176
16/04/2022,353
17/04/2022,181
18/04/2022,277
19/04/2022,3075
20/04/2022,2602
21/04/2022,2268
22/04/2022,2123
23/04/2022,341
24/04/2022,224
25/04/2022,3366
26/04/2022,2462
27/04/2022,2516
28/04/2022,2481
29/04/2022,2248
30/04/2022,399
01/05/2022,144
02/05/2022,3740
03/05/2022,2484
04/05/2022,2370
05/05/2022,2369
06/05/2022,2060
07/05/2022,251
08/05/2022,147
09/05/2022,2745
10/05/2022,2530
11/05/2022,2777
12/05/2022,2298
13/05/2022,2221
14/05/2022,395
15/05/2022,153
16/05/2022,3010
17/05/2022,2386
18/05/2022,2173
19/05/2022,2355
20/05/2022,2596
21/05/2022,565
22/05/2022,501
23/05/2022,4661
24/05/2022,2695
25/05/2022,2423
26/05/2022,2228
27/05/2022,1998
28/05/2022,397
29/05/2022,341
30/05/2022,3059
31/05/2022,2468
01/06/2022,2353
02/06/2022,2165
03/06/2022,2126
04/06/2022,485
05/06/2022,236
06/06/2022,2730
07/06/2022,2239
08/06/2022,2319
09/06/2022,2589
10/06/2022,2798
11/06/2022,505
12/06/2022,272
13/06/2022,3596
14/06/2022,3060
15/06/2022,2954
16/06/2022,2882
17/06/2022,2356
18/06/2022,468
19/06/2022,259
20/06/2022,3568
21/06/2022,3120
22/06/2022,2603
23/06/2022,2142
24/06/2022,520
25/06/2022,352
26/06/2022,216
27/06/2022,3249
28/06/2022,3029
29/06/2022,3110
30/06/2022,3085
01/07/2022,3002
02/07/2022,299
03/07/2022,168
04/07/2022,3031
05/07/2022,2411
06/07/2022,580
07/07/2022,3159
08/07/2022,3500
09/07/2022,466
10/07/2022,211
11/07/2022,4254
12/07/2022,3303
13/07/2022,2691
14/07/2022,2437
15/07/2022,2478
16/07/2022,310
17/07/2022,186
18/07/2022,3371
19/07/2022,2611
20/07/2022,2562
21/07/2022,2439
22/07/2022,2029
23/07/2022,377
24/07/2022,191
25/07/2022,2718
26/07/2022,2360
27/07/2022,2194
28/07/2022,2400
29/07/2022,2060
30/07/2022,211
31/07/2022,208
01/08/2022,3018
02/08/2022,2254
03/08/2022,2102
04/08/2022,1936
05/08/2022,1876
06/08/2022,373
07/08/2022,238
08/08/2022,3058
09/08/2022,2240
10/08/2022,2471
11/08/2022,2296
12/08/2022,1864
13/08/2022,371
14/08/2022,145
15/08/2022,361
16/08/2022,2920
17/08/2022,2209
18/08/2022,1918
19/08/2022,2192
20/08/2022,196
21/08/2022,183
22/08/2022,2856
23/08/2022,2297
24/08/2022,1898
25/08/2022,2010
26/08/2022,1928
27/08/2022,245
28/08/2022,53
29/08/2022,2497
30/08/2022,2257
31/08/2022,2091
01/09/2022,1863
02/09/2022,1895
03/09/2022,255
04/09/2022,45
05/09/2022,2331
06/09/2022,2051
07/09/2022,1715
08/09/2022,1976
09/09/2022,2197
10/09/2022,399
11/09/2022,120
12/09/2022,2609
13/09/2022,2089
14/09/2022,2031
15/09/2022,2115
16/09/2022,1986
17/09/2022,198
18/09/2022,169
19/09/2022,2379
20/09/2022,2106
21/09/2022,1975
22/09/2022,1938
23/09/2022,1728
24/09/2022,195
25/09/2022,170
26/09/2022,2358
27/09/2022,2072
28/09/2022,2045
29/09/2022,2117
30/09/2022,1837
01/10/2022,272
02/10/2022,158
03/10/2022,2251
04/10/2022,1931
05/10/2022,1773
06/10/2022,1695
07/10/2022,1815
08/10/2022,309
09/10/2022,212
10/10/2022,2684
11/10/2022,2120
12/10/2022,1925
13/10/2022,1730
14/10/2022,1548
15/10/2022,309
16/10/2022,115
17/10/2022,2656
18/10/2022,2035
19/10/2022,1952
20/10/2022,2153
21/10/2022,1914
22/10/2022,165
23/10/2022,65
24/10/2022,2316
25/10/2022,1701
26/10/2022,1767
27/10/2022,1733
28/10/2022,1591
29/10/2022,288
30/10/2022,176
31/10/2022,2028
01/11/2022,229
02/11/2022,232
03/11/2022,2324
04/11/2022,1951
05/11/2022,318
06/11/2022,34
07/11/2022,2265
08/11/2022,1936
09/11/2022,1850
10/11/2022,2025
11/11/2022,1981
12/11/2022,195
13/11/2022,164
14/11/2022,2483
15/11/2022,1968
16/11/2022,1807
17/11/2022,1503
18/11/2022,1650
19/11/2022,167
20/11/2022,44
21/11/2022,2430
22/11/2022,1931
23/11/2022,1810
24/11/2022,1654
25/11/2022,1639
26/11/2022,325
27/11/2022,154
28/11/2022,2237
29/11/2022,1738
30/11/2022,1805
01/12/2022,1683
02/12/2022,1679
03/12/2022,286
04/12/2022,174
05/12/2022,1953
06/12/2022,1779
07/12/2022,1751
08/12/2022,1705
09/12/2022,1800
10/12/2022,356
11/12/2022,110
12/12/2022,2358
13/12/2022,1932
14/12/2022,2398
15/12/2022,2192
16/12/2022,1802
17/12/2022,179
18/12/2022,171
19/12/2022,2244
20/12/2022,2102
21/12/2022,1958
22/12/2022,1990
23/12/2022,1673
24/12/2022,152
25/12/2022,44
26/12/2022,228
27/12/2022,2160
28/12/2022,1820
29/12/2022,1766
30/12/2022,1937
31/12/2022,161
01/01/2023,70
02/01/2023,1886
03/01/2023,1625
04/01/2023,1789
05/01/2023,1509
06/01/2023,1668
07/01/2023,195
08/01/2023,79
09/01/2023,2316
10/01/2023,1973
11/01/2023,1745
12/01/2023,1864
13/01/2023,1762
14/01/2023,337
15/01/2023,205
16/01/2023,2496
17/01/2023,1912
18/01/2023,1867
19/01/2023,1886
20/01/2023,1814
21/01/2023,282
22/01/2023,113
23/01/2023,2383
24/01/2023,1945
25/01/2023,1881
26/01/2023,1795
27/01/2023,1648
28/01/2023,230
29/01/2023,181
30/01/2023,2383
31/01/2023,1973
01/02/2023,2073
02/02/2023,1894
03/02/2023,1764
04/02/2023,117
05/02/2023,272
06/02/2023,2552
07/02/2023,1940
08/02/2023,1816
09/02/2023,1997
10/02/2023,2272
11/02/2023,334
12/02/2023,63
13/02/2023,2399
14/02/2023,1786
15/02/2023,1843
16/02/2023,293
17/02/2023,2157
18/02/2023,269
19/02/2023,189
20/02/2023,2798
21/02/2023,2135
22/02/2023,1984
23/02/2023,1909
24/02/2023,1664
25/02/2023,332
26/02/2023,60
27/02/2023,2759
28/02/2023,2461
01/03/2023,2152
02/03/2023,1879
03/03/2023,1758
04/03/2023,301
05/03/2023,187
06/03/2023,2260
07/03/2023,2073
08/03/2023,1798
09/03/2023,1941
10/03/2023,2023
11/03/2023,165
12/03/2023,270
13/03/2023,2781
14/03/2023,2187
15/03/2023,2029
16/03/2023,2051
17/03/2023,1967
18/03/2023,266
19/03/2023,175
20/03/2023,2755
21/03/2023,2179
22/03/2023,1995
23/03/2023,1819
24/03/2023,1941
25/03/2023,165
26/03/2023,239
27/03/2023,2472
28/03/2023,2416
29/03/2023,2206
30/03/2023,2103
31/03/2023,2004
01/04/2023,258
02/04/2023,56
03/04/2023,2824
04/04/2023,2573
05/04/2023,2076
06/04/2023,2339
07/04/2023,1880
08/04/2023,276
09/04/2023,155
10/04/2023,401
11/04/2023,3294
12/04/2023,2373
13/04/2023,2317
14/04/2023,2188
15/04/2023,198
16/04/2023,151
17/04/2023,2976
18/04/2023,2154
19/04/2023,2105
20/04/2023,2208
21/04/2023,1993
22/04/2023,235
23/04/2023,120
24/04/2023,2442
25/04/2023,2268
26/04/2023,2394
27/04/2023,2611
28/04/2023,2628
29/04/2023,377
30/04/2023,150
01/05/2023,317
02/05/2023,3472
03/05/2023,2496
04/05/2023,2160
05/05/2023,2111
06/05/2023,254
07/05/2023,214
08/05/2023,2652
09/05/2023,2215
10/05/2023,2387
11/05/2023,2102
12/05/2023,2045
13/05/2023,166
14/05/2023,215
15/05/2023,2764
16/05/2023,2206
17/05/2023,2280
18/05/2023,2039
19/05/2023,2003
20/05/2023,224
21/05/2023,140
22/05/2023,2597
23/05/2023,2065
24/05/2023,1920
25/05/2023,1887
26/05/2023,1824
27/05/2023,200
28/05/2023,65
29/05/2023,2234
30/05/2023,2095
31/05/2023,1963
01/06/2023,2069
02/06/2023,1725
03/06/2023,269
04/06/2023,135
05/06/2023,2248
06/06/2023,2099
07/06/2023,1944
08/06/2023,1893
09/06/2023,1960
10/06/2023,362
11/06/2023,190
12/06/2023,2759
13/06/2023,2216
14/06/2023,2046
15/06/2023,2130
16/06/2023,1845
17/06/2023,154
18/06/2023,206
19/06/2023,2658
20/06/2023,2135
21/06/2023,2225
22/06/2023,2033
23/06/2023,1879
24/06/2023,404
25/06/2023,26
26/06/2023,2540
27/06/2023,2308
28/06/2023,2418
29/06/2023,2189
30/06/2023,2240
01/07/2023,185
02/07/2023,72
03/07/2023,2579
04/07/2023,2263
05/07/2023,1965
06/07/2023,243
07/07/2023,2077
08/07/2023,263
09/07/2023,220
10/07/2023,2785
11/07/2023,2183
12/07/2023,1887
13/07/2023,1974
14/07/2023,1962
15/07/2023,255
16/07/2023,162
17/07/2023,2670
18/07/2023,1954
19/07/2023,1917
20/07/2023,2171
21/07/2023,2135
22/07/2023,209
23/07/2023,266
24/07/2023,2747
25/07/2023,2177
26/07/2023,2030
27/07/2023,1897
28/07/2023,1880
29/07/2023,304
30/07/2023,232
31/07/2023,2715
01/08/2023,2131
02/08/2023,2086
03/08/2023,1747
04/08/2023,1869
05/08/2023,167
06/08/2023,85
07/08/2023,2466
08/08/2023,2273
09/08/2023,2156
10/08/2023,2278
11/08/2023,2021
12/08/2023,284
13/08/2023,254
14/08/2023,2309
15/08/2023,343
16/08/2023,2339
17/08/2023,2167
18/08/2023,1928
19/08/2023,261
20/08/2023,69
21/08/2023,2737
22/08/2023,2121
23/08/2023,2149
24/08/2023,1970
25/08/2023,1834
26/08/2023,359
27/08/2023,131
28/08/2023,2417
29/08/2023,2123
30/08/2023,1848
31/08/2023,1868
01/09/2023,1935
02/09/2023,191
03/09/2023,206
04/09/2023,2682
05/09/2023,1843
06/09/2023,2071
07/09/2023,1941
08/09/2023,1963
09/09/2023,340
10/09/2023,230
11/09/2023,3096
12/09/2023,2402
13/09/2023,2255
14/09/2023,2061
15/09/2023,2001
16/09/2023,270
17/09/2023,208
18/09/2023,2724
19/09/2023,2180
20/09/2023,1904
21/09/2023,2173
22/09/2023,1993
23/09/2023,134
24/09/2023,75
25/09/2023,2698
26/09/2023,2156
27/09/2023,2448
28/09/2023,2961
29/09/2023,2474
30/09/2023,397
01/10/2023,250
02/10/2023,3378
03/10/2023,2134
04/10/2023,2536
05/10/2023,2123
06/10/2023,2047
07/10/2023,353
08/10/2023,229
09/10/2023,2490
10/10/2023,2347
11/10/2023,2267
12/10/2023,1935
13/10/2023,1825
14/10/2023,310
15/10/2023,223
16/10/2023,2760
17/10/2023,2129
18/10/2023,1924
19/10/2023,2011
20/10/2023,1908
21/10/2023,251
22/10/2023,289
23/10/2023,2615
24/10/2023,2112
25/10/2023,1867
26/10/2023,1801
27/10/2023,1838
28/10/2023,229
29/10/2023,268
30/10/2023,2322
31/10/2023,1970
01/11/2023,177
02/11/2023,245
03/11/2023,2652
04/11/2023,180
05/11/2023,180
06/11/2023,2823
07/11/2023,2226
08/11/2023,2334
09/11/2023,2112
10/11/2023,2151
11/11/2023,368
12/11/2023,272
13/11/2023,2770
14/11/2023,2252
15/11/2023,2260
16/11/2023,2045
17/11/2023,2039
18/11/2023,238
19/11/2023,168
20/11/2023,2863
21/11/2023,2017
22/11/2023,1932
23/11/2023,2187
24/11/2023,2123
25/11/2023,305
26/11/2023,135
27/11/2023,2990
28/11/2023,2145
29/11/2023,2403
30/11/2023,2299
01/12/2023,2444
02/12/2023,187
03/12/2023,113
04/12/2023,2959
05/12/2023,2144
06/12/2023,2214
07/12/2023,2723
08/12/2023,2306
09/12/2023,297
10/12/2023,174
11/12/2023,2927
12/12/2023,2177
13/12/2023,2420
14/12/2023,2031
15/12/2023,1993
16/12/2023,239
17/12/2023,260
18/12/2023,2683
19/12/2023,2224
20/12/2023,2086
21/12/2023,1972
22/12/2023,1923
23/12/2023,403
24/12/2023,234
25/12/2023,66
26/12/2023,222
27/12/2023,3067
28/12/2023,2155
29/12/2023,1986
30/12/2023,314
31/12/2023,211
01/01/2024,64
02/01/2024,2566
03/01/2024,2155
04/01/2024,2194
05/01/2024,2055
06/01/2024,140
07/01/2024,108
08/01/2024,2430
09/01/2024,2021
10/01/2024,2434
11/01/2024,2156
12/01/2024,2172
13/01/2024,267
14/01/2024,201
15/01/2024,2887
16/01/2024,2076
17/01/2024,2003
18/01/2024,2479
19/01/2024,2140
20/01/2024,351
21/01/2024,184
22/01/2024,2759
23/01/2024,2057
24/01/2024,2063
25/01/2024,1909
26/01/2024,1827
27/01/2024,337
28/01/2024,71
29/01/2024,2402
30/01/2024,2085
31/01/2024,2087
01/02/2024,2182
02/02/2024,2004
03/02/2024,256
04/02/2024,139
05/02/2024,2374
06/02/2024,2058
07/02/2024,1842
08/02/2024,2051
09/02/2024,2063
10/02/2024,266
11/02/2024,202
12/02/2024,2811
13/02/2024,1860
14/02/2024,1845
15/02/2024,1940
16/02/2024,238
17/02/2024,151
18/02/2024,126
19/02/2024,2844
20/02/2024,2305
21/02/2024,2057
22/02/2024,1908
23/02/2024,1974
24/02/2024,202
25/02/2024,54
26/02/2024,2561
27/02/2024,1930
28/02/2024,2061
29/02/2024,1928
01/03/2024,1999
02/03/2024,214
03/03/2024,123
04/03/2024,2514
05/03/2024,2167
06/03/2024,1917
07/03/2024,1907
08/03/2024,1682
09/03/2024,244
10/03/2024,91
11/03/2024,266
12/03/2024,3191
13/03/2024,2295
14/03/2024,2101
15/03/2024,2146
16/03/2024,235
17/03/2024,164
18/03/2024,2682
19/03/2024,2031
20/03/2024,2124
21/03/2024,2265
22/03/2024,1851
23/03/2024,367
24/03/2024,113
25/03/2024,2887
26/03/2024,2827
27/03/2024,2947
28/03/2024,2969
29/03/2024,2898
30/03/2024,442
31/03/2024,18
01/04/2024,340
02/04/2024,3633
03/04/2024,2526
04/04/2024,2517
05/04/2024,2226
06/04/2024,239
07/04/2024,147
08/04/2024,3062
09/04/2024,2400
10/04/2024,2701
11/04/2024,2826
12/04/2024,2833
13/04/2024,348
14/04/2024,100
15/04/2024,3974
16/04/2024,2740
17/04/2024,2423
18/04/2024,2242
19/04/2024,2313
20/04/2024,293
21/04/2024,208
22/04/2024,3480
23/04/2024,2590
24/04/2024,2426
25/04/2024,3756
26/04/2024,2852
27/04/2024,238
28/04/2024,132
29/04/2024,3686
30/04/2024,2853
01/05/2024,323
02/05/2024,3000
03/05/2024,2378
04/05/2024,360
05/05/2024,240
06/05/2024,3770
07/05/2024,2422
08/05/2024,2440
09/05/2024,2498
10/05/2024,2741
11/05/2024,261
12/05/2024,86
13/05/2024,3090
14/05/2024,2367
15/05/2024,2669
16/05/2024,2276
17/05/2024,2545
18/05/2024,313
19/05/2024,125
20/05/2024,3207
21/05/2024,2522
22/05/2024,2130
23/05/2024,2030
24/05/2024,1967
25/05/2024,371
26/05/2024,46
27/05/2024,2722
28/05/2024,2322
29/05/2024,2634
30/05/2024,2630
31/05/2024,2655
01/06/2024,239
02/06/2024,151
03/06/2024,2539
04/06/2024,2310
05/06/2024,2432
06/06/2024,2069
07/06/2024,2189
08/06/2024,435
09/06/2024,125
10/06/2024,3507
11/06/2024,2767
12/06/2024,2482
13/06/2024,2338
14/06/2024,2214
15/06/2024,371
16/06/2024,220
17/06/2024,3444
18/06/2024,3025
19/06/2024,2504
20/06/2024,2594
21/06/2024,2108
22/06/2024,319
23/06/2024,72
24/06/2024,266
25/06/2024,3234
26/06/2024,2506
27/06/2024,2796
28/06/2024,2498
29/06/2024,322
30/06/2024,268
01/07/2024,2920
02/07/2024,2442
03/07/2024,2606
04/07/2024,2205
05/07/2024,2328
06/07/2024,313
07/07/2024,165
08/07/2024,2824
09/07/2024,2339
10/07/2024,2292
11/07/2024,2202
12/07/2024,2030
13/07/2024,357
14/07/2024,209
15/07/2024,2728
16/07/2024,2459
17/07/2024,2234
18/07/2024,2154
19/07/2024,1988
20/07/2024,234
21/07/2024,242
22/07/2024,2809
23/07/2024,2250
24/07/2024,2092
25/07/2024,2033
26/07/2024,1872
27/07/2024,271
28/07/2024,160
29/07/2024,2356
30/07/2024,2136
31/07/2024,2234
01/08/2024,1929
02/08/2024,1767
03/08/2024,198
04/08/2024,109
05/08/2024,2408
06/08/2024,1862
07/08/2024,1895
08/08/2024,1709
09/08/2024,1912
10/08/2024,331
11/08/2024,288
12/08/2024,2463
13/08/2024,2014
14/08/2024,2250
15/08/2024,346
16/08/2024,2619
17/08/2024,285
18/08/2024,219
19/08/2024,2714
20/08/2024,2248
21/08/2024,1993
22/08/2024,2324
23/08/2024,1912
24/08/2024,263
25/08/2024,165
26/08/2024,2578
27/08/2024,2223
28/08/2024,2148
29/08/2024,2143
30/08/2024,1936
31/08/2024,214
01/09/2024,225
02/09/2024,2637
03/09/2024,2010
04/09/2024,2046
05/09/2024,2179
06/09/2024,1898
07/09/2024,377
08/09/2024,175
09/09/2024,2842
10/09/2024,2637
11/09/2024,2255
12/09/2024,1954
13/09/2024,1936
14/09/2024,288
15/09/2024,98
16/09/2024,2984
17/09/2024,2348
18/09/2024,2398
19/09/2024,2054
20/09/2024,1922
21/09/2024,300
22/09/2024,254
23/09/2024,2672
24/09/2024,2042
25/09/2024,2063
26/09/2024,2061
27/09/2024,1832
28/09/2024,251
29/09/2024,229
30/09/2024,2818
01/10/2024,2185
02/10/2024,2136
03/10/2024,1955
04/10/2024,1878
05/10/2024,290
06/10/2024,135
07/10/2024,2294
08/10/2024,2288
09/10/2024,1997
10/10/2024,2336
11/10/2024,2009
12/10/2024,339
13/10/2024,115
14/10/2024,2574
15/10/2024,2717
16/10/2024,2375
17/10/2024,2107
18/10/2024,1980
19/10/2024,316
20/10/2024,191
21/10/2024,2575
22/10/2024,2208
23/10/2024,2215
24/10/2024,2153
25/10/2024,1963
26/10/2024,275
27/10/2024,238
28/10/2024,2441
29/10/2024,2154
30/10/2024,2247
31/10/2024,2025
01/11/2024,213
02/11/2024,91
03/11/2024,64
04/11/2024,2781
05/11/2024,2125
06/11/2024,2194
07/11/2024,2307
08/11/2024,2044
09/11/2024,177
10/11/2024,169
11/11/2024,2710
12/11/2024,2085
13/11/2024,2521
14/11/2024,2103
15/11/2024,2180
16/11/2024,303
17/11/2024,206
18/11/2024,2832
19/11/2024,2293
20/11/2024,2523
21/11/2024,2146
22/11/2024,1851
23/11/2024,242
24/11/2024,164
25/11/2024,2525
26/11/2024,2161
27/11/2024,2334
28/11/2024,2295
29/11/2024,2136
30/11/2024,229
01/12/2024,252
02/12/2024,2950
03/12/2024,2446
04/12/2024,2925
05/12/2024,2531
06/12/2024,2204
07/12/2024,183
08/12/2024,110
09/12/2024,2812
10/12/2024,2849
11/12/2024,2368
12/12/2024,2349
13/12/2024,2013
14/12/2024,324
15/12/2024,247
16/12/2024,3004
17/12/2024,2500
18/12/2024,2422
19/12/2024,2192
20/12/2024,2435
21/12/2024,376
22/12/2024,214
23/12/2024,3328
24/12/2024,398
25/12/2024,127
26/12/2024,147
27/12/2024,3422
28/12/2024,339
29/12/2024,196
30/12/2024,4622
31/12/2024,2752
01/01/2025,72
02/01/2025,2723
03/01/2025,2260
04/01/2025,276
05/01/2025,137
06/01/2025,2994
07/01/2025,2212
08/01/2025,2074
09/01/2025,2113
10/01/2025,2169
11/01/2025,269
12/01/2025,212
13/01/2025,2550
14/01/2025,1950
15/01/2025,2174
16/01/2025,2062
17/01/2025,2002
18/01/2025,163
19/01/2025,115
20/01/2025,2603
21/01/2025,1865
22/01/2025,1850
23/01/2025,1887
24/01/2025,1775
25/01/2025,286
26/01/2025,76
27/01/2025,2329
28/01/2025,1898
29/01/2025,1755
30/01/2025,2148
31/01/2025,2050
01/02/2025,318
02/02/2025,69
03/02/2025,2351
04/02/2025,2295
05/02/2025,2048
06/02/2025,1894
07/02/2025,1897
08/02/2025,184
09/02/2025,124
10/02/2025,2681
11/02/2025,2096
12/02/2025,2200
13/02/2025,1851
14/02/2025,1760
15/02/2025,286
16/02/2025,148
17/02/2025,2481
18/02/2025,1770
19/02/2025,1903
20/02/2025,1796
21/02/2025,1911
22/02/2025,300
23/02/2025,162
24/02/2025,2248
25/02/2025,1900
26/02/2025,2085
27/02/2025,1979
28/02/2025,2035
01/03/2025,297
02/03/2025,110
03/03/2025,2656
04/03/2025,2132
05/03/2025,2067
06/03/2025,1990
07/03/2025,1880
08/03/2025,193
09/03/2025,148
10/03/2025,2946
11/03/2025,261
12/03/2025,2829
13/03/2025,2215
14/03/2025,2207
15/03/2025,212
16/03/2025,118
17/03/2025,2838
18/03/2025,2226
19/03/2025,2217
20/03/2025,2067
21/03/2025,1838
22/03/2025,165
23/03/2025,165
24/03/2025,2376
25/03/2025,1813
26/03/2025,1860
27/03/2025,1825
28/03/2025,1789
29/03/2025,181
30/03/2025,107
31/03/2025,2110
01/04/2025,1950
02/04/2025,1988
03/04/2025,1764
04/04/2025,1798
05/04/2025,329
06/04/2025,152
07/04/2025,2364
08/04/2025,1993
09/04/2025,2218
10/04/2025,2673
11/04/2025,2148
12/04/2025,344
13/04/2025,69
14/04/2025,2516
15/04/2025,2004
16/04/2025,2138
17/04/2025,1893
18/04/2025,1681
19/04/2025,285
20/04/2025,77
21/04/2025,271
22/04/2025,2193
23/04/2025,2095
24/04/2025,1947
25/04/2025,1768
26/04/2025,188
27/04/2025,77
28/04/2025,2312
29/04/2025,2125
30/04/2025,2213
01/05/2025,396
02/05/2025,2216
03/05/2025,169
04/05/2025,148
05/05/2025,2536
06/05/2025,2090
07/05/2025,1761
08/05/2025,1807
09/05/2025,1884
10/05/2025,226
11/05/2025,238
12/05/2025,2406
13/05/2025,2129
14/05/2025,2081
15/05/2025,2063
16/05/2025,1834
17/05/2025,305
18/05/2025,114
19/05/2025,2568
20/05/2025,1925
21/05/2025,1745
22/05/2025,1834
23/05/2025,1947
24/05/2025,258
25/05/2025,197
26/05/2025,2004
27/05/2025,1947
28/05/2025,2151
29/05/2025,1797
30/05/2025,1690
31/05/2025,209
01/06/2025,180
02/06/2025,2298
03/06/2025,1929
04/06/2025,1806
05/06/2025,1790
06/06/2025,1761
07/06/2025,301
08/06/2025,263
09/06/2025,2218
10/06/2025,2483
11/06/2025,2096
12/06/2025,1714
13/06/2025,1827
14/06/2025,249
15/06/2025,118
16/06/2025,2328
17/06/2025,1879
18/06/2025,1783
19/06/2025,1709
20/06/2025,2003
21/06/2025,295
22/06/2025,241
23/06/2025,2071
24/06/2025,272
25/06/2025,2195
26/06/2025,1949
27/06/2025,2437
28/06/2025,390
29/06/2025,72
30/06/2025,3002
01/07/2025,2133
02/07/2025,1890
03/07/2025,1710
04/07/2025,1703
05/07/2025,206
06/07/2025,222
07/07/2025,2330
08/07/2025,1876
09/07/2025,1987
10/07/2025,2037
11/07/2025,1838
12/07/2025,153
13/07/2025,260
14/07/2025,1979
15/07/2025,1801
16/07/2025,1822
17/07/2025,1744
18/07/2025,1655
19/07/2025,250
20/07/2025,106
21/07/2025,2165
22/07/2025,1789
23/07/2025,1745
24/07/2025,1519
25/07/2025,1361
26/07/2025,327
27/07/2025,113
28/07/2025,2037
29/07/2025,1787
30/07/2025,1779
31/07/2025,2153
01/08/2025,1758
02/08/2025,265
03/08/2025,212
04/08/2025,2208
05/08/2025,1905
06/08/2025,1925
07/08/2025,1790
08/08/2025,1774
09/08/2025,307
10/08/2025,302
11/08/2025,2493
12/08/2025,2118
13/08/2025,2120
14/08/2025,1718
15/08/2025,218
16/08/2025,271
17/08/2025,112
18/08/2025,2599
19/08/2025,2200
20/08/2025,1907
21/08/2025,2073
22/08/2025,1658
23/08/2025,179
24/08/2025,127
25/08/2025,2040
26/08/2025,1886
27/08/2025,1813
28/08/2025,1771
29/08/2025,1753
30/08/2025,225
31/08/2025,63
01/09/2025,2252
02/09/2025,1869
03/09/2025,2132
04/09/2025,1869
05/09/2025,1650
06/09/2025,178
07/09/2025,239
08/09/2025,2155
09/09/2025,1929
10/09/2025,2232
11/09/2025,1944
12/09/2025,1755
13/09/2025,299
14/09/2025,189
15/09/2025,2644
16/09/2025,1864
17/09/2025,1867
18/09/2025,1855
19/09/2025,1944
20/09/2025,347
21/09/2025,74
22/09/2025,2224
23/09/2025,1985
24/09/2025,1993
25/09/2025,1752
26/09/2025,1679
27/09/2025,122
28/09/2025,79
29/09/2025,2146
30/09/2025,1761
01/10/2025,1946
02/10/2025,1653
03/10/2025,1616
04/10/2025,225
05/10/2025,120
06/10/2025,2334
07/10/2025,1936
08/10/2025,1742
09/10/2025,1921
10/10/2025,2393
11/10/2025,337
12/10/2025,128
13/10/2025,2662
14/10/2025,1982
15/10/2025,2010
16/10/2025,1762
17/10/2025,1745
18/10/2025,149
19/10/2025,113
20/10/2025,2326
21/10/2025,1916
22/10/2025,1842
23/10/2025,1609
24/10/2025,1663
25/10/2025,309
26/10/2025,122
27/10/2025,2279
28/10/2025,1993
29/10/2025,1887
30/10/2025,1825
31/10/2025,2036
01/11/2025,186
02/11/2025,196
03/11/2025,2383
04/11/2025,1770
05/11/2025,1836
06/11/2025,1696
07/11/2025,1670
08/11/2025,216
09/11/2025,279
10/11/2025,2395
11/11/2025,2168
12/11/2025,1840
13/11/2025,1917
14/11/2025,1785
15/11/2025,476
16/11/2025,128
17/11/2025,2388
18/11/2025,1891
19/11/2025,1739
20/11/2025,1926
21/11/2025,1824
22/11/2025,206
23/11/2025,152
24/11/2025,2025
25/11/2025,1931
26/11/2025,1803
27/11/2025,1734
28/11/2025,1712
29/11/2025,207
30/11/2025,168
01/12/2025,2160
02/12/2025,1844
03/12/2025,1708
04/12/2025,1698
05/12/2025,1402
06/12/2025,262
07/12/2025,196
08/12/2025,2100
09/12/2025,1881
10/12/2025,1851
11/12/2025,1864
12/12/2025,1793
13/12/2025,255
14/12/2025,168
15/12/2025,2482
16/12/2025,2038
17/12/2025,1937
18/12/2025,1686
19/12/2025,1662
20/12/2025,292
21/12/2025,295
22/12/2025,2119
23/12/2025,1705
24/12/2025,358
25/12/2025,106
26/12/2025,324
27/12/2025,247
28/12/2025,184
29/12/2025,2863
30/12/2025,2075
31/12/2025,1666
01/01/2026,
02/01/2026,
03/01/2026,
04/01/2026,
05/01/2026,
06/01/2026,
07/01/2026,
08/01/2026,
09/01/2026,
10/01/2026,
11/01/2026,
12/01/2026,
13/01/2026,
14/01/2026,
15/01/2026,
16/01/2026,
17/01/2026,
18/01/2026,
19/01/2026,
20/01/2026,
21/01/2026,
22/01/2026,
23/01/2026,
24/01/2026,
25/01/2026,
26/01/2026,
27/01/2026,
28/01/2026,
29/01/2026,
30/01/2026,
31/01/2026,
01/02/2026,
02/02/2026,
03/02/2026,
04/02/2026,
05/02/2026,
06/02/2026,
07/02/2026,
08/02/2026,
09/02/2026,
10/02/2026,
11/02/2026,
12/02/2026,
13/02/2026,
14/02/2026,
15/02/2026,
16/02/2026,
17/02/2026,
18/02/2026,
19/02/2026,
20/02/2026,
21/02/2026,
22/02/2026,
23/02/2026,
24/02/2026,
25/02/2026,
26/02/2026,
27/02/2026,
28/02/2026,
01/03/2026,
02/03/2026,
03/03/2026,
04/03/2026,
05/03/2026,
06/03/2026,
07/03/2026,
08/03/2026,
09/03/2026,
10/03/2026,
11/03/2026,
12/03/2026,
13/03/2026,
14/03/2026,
15/03/2026,
16/03/2026,
17/03/2026,
18/03/2026,
19/03/2026,
20/03/2026,
21/03/2026,
22/03/2026,
23/03/2026,
24/03/2026,
25/03/2026,
26/03/2026,
27/03/2026,
28/03/2026,
29/03/2026,
30/03/2026,
31/03/2026,
